id,createdAt,updatedAt,archived,properties.hs_createdate,properties.hs_lastmodifieddate,properties.hs_object_id
49464106924,2024-03-20T13:51:52.391Z,2025-08-11T15:57:22.201Z,False,2024-03-20T13:51:52.391Z,2025-08-11T15:57:22.201Z,49464106924
49464135323,2024-03-20T13:58:17.326Z,2024-06-14T03:06:47.684Z,False,2024-03-20T13:58:17.326Z,2024-06-14T03:06:47.684Z,49464135323
49465219498,2024-03-20T14:21:05.662Z,2024-08-02T19:07:04.448Z,False,2024-03-20T14:21:05.662Z,2024-08-02T19:07:04.448Z,49465219498
49466016437,2024-03-20T14:37:06.423Z,2024-08-02T19:07:05.352Z,False,2024-03-20T14:37:06.423Z,2024-08-02T19:07:05.352Z,49466016437
49466854471,2024-03-20T15:07:26.006Z,2024-10-02T16:20:30.711Z,False,2024-03-20T15:07:26.006Z,2024-10-02T16:20:30.711Z,49466854471
49467225490,2024-03-20T15:09:39.084Z,2024-10-02T16:20:31.196Z,False,2024-03-20T15:09:39.084Z,2024-10-02T16:20:31.196Z,49467225490
49467240762,2024-03-20T15:12:30.565Z,2024-09-22T16:41:48.107Z,False,2024-03-20T15:12:30.565Z,2024-09-22T16:41:48.107Z,49467240762
49477811729,2024-03-20T16:23:04.924Z,2025-07-05T17:18:49.212Z,False,2024-03-20T16:23:04.924Z,2025-07-05T17:18:49.212Z,49477811729
49479191192,2024-03-20T17:11:33.349Z,2024-09-09T23:21:38.777Z,False,2024-03-20T17:11:33.349Z,2024-09-09T23:21:38.777Z,49479191192
49479197034,2024-03-20T17:13:23.438Z,2025-03-19T14:42:03.882Z,False,2024-03-20T17:13:23.438Z,2025-03-19T14:42:03.882Z,49479197034
49479203683,2024-03-20T17:14:48.100Z,2024-09-09T23:21:41.935Z,False,2024-03-20T17:14:48.100Z,2024-09-09T23:21:41.935Z,49479203683
49479215106,2024-03-20T17:17:21.064Z,2024-05-06T14:47:32.210Z,False,2024-03-20T17:17:21.064Z,2024-05-06T14:47:32.210Z,49479215106
49480641410,2024-03-20T17:32:11.286Z,2024-10-02T16:49:02.424Z,False,2024-03-20T17:32:11.286Z,2024-10-02T16:49:02.424Z,49480641410
49481105276,2024-03-20T17:05:48.576Z,2025-02-24T16:59:43.466Z,False,2024-03-20T17:05:48.576Z,2025-02-24T16:59:43.466Z,49481105276
49481114260,2024-03-20T17:08:37.444Z,2024-09-09T23:21:37.549Z,False,2024-03-20T17:08:37.444Z,2024-09-09T23:21:37.549Z,49481114260
49481118540,2024-03-20T17:10:08.146Z,2024-06-14T15:02:05.673Z,False,2024-03-20T17:10:08.146Z,2024-06-14T15:02:05.673Z,49481118540
49481204522,2024-03-20T17:06:47.724Z,2024-08-20T19:43:15.617Z,False,2024-03-20T17:06:47.724Z,2024-08-20T19:43:15.617Z,49481204522
49481222547,2024-03-20T17:12:40.730Z,2024-09-09T23:21:40.135Z,False,2024-03-20T17:12:40.730Z,2024-09-09T23:21:40.135Z,49481222547
49481235812,2024-03-20T17:15:44.629Z,2024-06-13T14:48:04.888Z,False,2024-03-20T17:15:44.629Z,2024-06-13T14:48:04.888Z,49481235812
49481239311,2024-03-20T17:16:29.070Z,2024-06-14T03:06:49.456Z,False,2024-03-20T17:16:29.070Z,2024-06-14T03:06:49.456Z,49481239311
49481246889,2024-03-20T17:18:08.008Z,2024-09-09T23:21:44.362Z,False,2024-03-20T17:18:08.008Z,2024-09-09T23:21:44.362Z,49481246889
49481250209,2024-03-20T17:18:50.844Z,2024-09-09T23:21:45.619Z,False,2024-03-20T17:18:50.844Z,2024-09-09T23:21:45.619Z,49481250209
49481254537,2024-03-20T17:19:45.916Z,2024-05-23T18:51:36.096Z,False,2024-03-20T17:19:45.916Z,2024-05-23T18:51:36.096Z,49481254537
49481262737,2024-03-20T17:21:26.916Z,2024-11-25T18:36:34.147Z,False,2024-03-20T17:21:26.916Z,2024-11-25T18:36:34.147Z,49481262737
49481296696,2024-03-20T17:28:45.244Z,2024-11-28T16:38:38.781Z,False,2024-03-20T17:28:45.244Z,2024-11-28T16:38:38.781Z,49481296696
49482066231,2024-03-20T17:20:31.422Z,2024-09-09T23:21:46.258Z,False,2024-03-20T17:20:31.422Z,2024-09-09T23:21:46.258Z,49482066231
49482073479,2024-03-20T17:22:10.360Z,2024-09-30T17:15:59.375Z,False,2024-03-20T17:22:10.360Z,2024-09-30T17:15:59.375Z,49482073479
49482077098,2024-03-20T17:22:54.079Z,2024-05-06T14:47:32.789Z,False,2024-03-20T17:22:54.079Z,2024-05-06T14:47:32.789Z,49482077098
49482745156,2024-03-20T17:30:08.217Z,2024-08-23T17:08:29.839Z,False,2024-03-20T17:30:08.217Z,2024-08-23T17:08:29.839Z,49482745156
49482749229,2024-03-20T17:30:58.316Z,2024-09-09T23:21:49.703Z,False,2024-03-20T17:30:58.316Z,2024-09-09T23:21:49.703Z,49482749229
49482760342,2024-03-20T17:33:12.635Z,2024-11-08T08:21:46.346Z,False,2024-03-20T17:33:12.635Z,2024-11-08T08:21:46.346Z,49482760342
49482926853,2024-03-20T17:29:23.136Z,2024-06-13T14:48:04.970Z,False,2024-03-20T17:29:23.136Z,2024-06-13T14:48:04.970Z,49482926853
49483115528,2024-03-20T17:34:25.587Z,2025-03-19T14:53:34.990Z,False,2024-03-20T17:34:25.587Z,2025-03-19T14:53:34.990Z,49483115528
49496793613,2024-03-20T20:56:21.063Z,2024-09-09T23:21:52.080Z,False,2024-03-20T20:56:21.063Z,2024-09-09T23:21:52.080Z,49496793613
49497003895,2024-03-20T21:01:37.606Z,2025-08-11T15:57:22.546Z,False,2024-03-20T21:01:37.606Z,2025-08-11T15:57:22.546Z,49497003895
49504615817,2024-03-21T00:58:07.312Z,2025-06-27T12:16:40.661Z,False,2024-03-21T00:58:07.312Z,2025-06-27T12:16:40.661Z,49504615817
49504624796,2024-03-21T01:08:11.200Z,2024-09-09T23:21:56.273Z,False,2024-03-21T01:08:11.200Z,2024-09-09T23:21:56.273Z,49504624796
49606036569,2024-03-22T14:34:07.764Z,2025-07-07T21:29:30.815Z,False,2024-03-22T14:34:07.764Z,2025-07-07T21:29:30.815Z,49606036569
49681196382,2024-03-24T21:34:33.357Z,2024-10-02T16:49:24.243Z,False,2024-03-24T21:34:33.357Z,2024-10-02T16:49:24.243Z,49681196382
49780638247,2024-03-26T14:16:53.596Z,2024-04-17T10:53:28.261Z,False,2024-03-26T14:16:53.596Z,2024-04-17T10:53:28.261Z,49780638247
53627213170,2024-05-30T22:56:11.303Z,2024-06-13T14:48:04.512Z,False,2024-05-30T22:56:11.303Z,2024-06-13T14:48:04.512Z,53627213170
56385359188,2024-07-16T14:42:19.230Z,2025-07-19T15:59:27.187Z,False,2024-07-16T14:42:19.230Z,2025-07-19T15:59:27.187Z,56385359188
70872688460,2025-02-05T15:40:40.934Z,2025-02-23T14:02:22.989Z,False,2025-02-05T15:40:40.934Z,2025-02-23T14:02:22.989Z,70872688460
74447979888,2025-03-07T16:08:24.712Z,2025-03-31T18:03:17.299Z,False,2025-03-07T16:08:24.712Z,2025-03-31T18:03:17.299Z,74447979888
76242660372,2025-04-01T15:27:30.829Z,2025-07-01T12:00:40.696Z,False,2025-04-01T15:27:30.829Z,2025-07-01T12:00:40.696Z,76242660372
76242677613,2025-04-01T15:30:45.010Z,2025-07-01T12:00:27.132Z,False,2025-04-01T15:30:45.010Z,2025-07-01T12:00:27.132Z,76242677613
76242701857,2025-04-01T15:35:07.840Z,2025-04-15T12:01:09.436Z,False,2025-04-01T15:35:07.840Z,2025-04-15T12:01:09.436Z,76242701857
76242720343,2025-04-01T15:38:29.803Z,2025-05-05T18:42:43.216Z,False,2025-04-01T15:38:29.803Z,2025-05-05T18:42:43.216Z,76242720343
76971867452,2025-04-13T21:03:49.672Z,2025-05-04T18:49:37.811Z,False,2025-04-13T21:03:49.672Z,2025-05-04T18:49:37.811Z,76971867452
77903950520,2025-04-25T19:55:46.062Z,2025-05-07T22:38:44.087Z,False,2025-04-25T19:55:46.062Z,2025-05-07T22:38:44.087Z,77903950520
77907753788,2025-04-25T23:21:00.702Z,2025-06-07T14:06:28.200Z,False,2025-04-25T23:21:00.702Z,2025-06-07T14:06:28.200Z,77907753788
77907823764,2025-04-25T23:09:45.678Z,2025-04-28T15:28:28.844Z,False,2025-04-25T23:09:45.678Z,2025-04-28T15:28:28.844Z,77907823764
80132672421,2025-05-26T21:24:19.132Z,2025-05-29T14:00:01.051Z,False,2025-05-26T21:24:19.132Z,2025-05-29T14:00:01.051Z,80132672421
81001073282,2025-06-07T17:14:03.852Z,2025-06-11T14:00:09.820Z,False,2025-06-07T17:14:03.852Z,2025-06-11T14:00:09.820Z,81001073282
81690306084,2025-06-18T22:07:31.616Z,2025-07-20T18:31:06.195Z,False,2025-06-18T22:07:31.616Z,2025-07-20T18:31:06.195Z,81690306084
81690313297,2025-06-18T22:10:40.483Z,2025-07-20T18:31:26.086Z,False,2025-06-18T22:10:40.483Z,2025-07-20T18:31:26.086Z,81690313297
81690319985,2025-06-18T22:13:35.767Z,2025-07-20T18:31:27.019Z,False,2025-06-18T22:13:35.767Z,2025-07-20T18:31:27.019Z,81690319985
81690330962,2025-06-18T22:18:30.581Z,2025-07-20T18:31:12.416Z,False,2025-06-18T22:18:30.581Z,2025-07-20T18:31:12.416Z,81690330962
81690334737,2025-06-18T22:20:20.566Z,2025-07-20T18:31:28.132Z,False,2025-06-18T22:20:20.566Z,2025-07-20T18:31:28.132Z,81690334737
81691441062,2025-06-18T22:34:30.993Z,2025-07-20T18:31:32.888Z,False,2025-06-18T22:34:30.993Z,2025-07-20T18:31:32.888Z,81691441062
81694447219,2025-06-18T21:51:23.575Z,2025-07-20T18:31:21.260Z,False,2025-06-18T21:51:23.575Z,2025-07-20T18:31:21.260Z,81694447219
81694464064,2025-06-18T21:57:36.655Z,2025-07-20T18:31:23.889Z,False,2025-06-18T21:57:36.655Z,2025-07-20T18:31:23.889Z,81694464064
81694917418,2025-06-18T22:26:49.164Z,2025-07-20T18:31:30.125Z,False,2025-06-18T22:26:49.164Z,2025-07-20T18:31:30.125Z,81694917418
81695157858,2025-06-18T22:08:54.089Z,2025-07-20T18:31:08.929Z,False,2025-06-18T22:08:54.089Z,2025-07-20T18:31:08.929Z,81695157858
81695190552,2025-06-18T22:23:43.308Z,2025-07-20T18:31:29.477Z,False,2025-06-18T22:23:43.308Z,2025-07-20T18:31:29.477Z,81695190552
81695206317,2025-06-18T22:30:51.292Z,2025-07-20T18:31:31.611Z,False,2025-06-18T22:30:51.292Z,2025-07-20T18:31:31.611Z,81695206317
81695220227,2025-06-18T22:38:01.314Z,2025-06-30T19:49:56.523Z,False,2025-06-18T22:38:01.314Z,2025-06-30T19:49:56.523Z,81695220227
81731526057,2025-06-19T15:38:04.360Z,2025-07-20T18:31:14.825Z,False,2025-06-19T15:38:04.360Z,2025-07-20T18:31:14.825Z,81731526057
81731561754,2025-06-19T15:46:17.251Z,2025-07-20T18:31:18.459Z,False,2025-06-19T15:46:17.251Z,2025-07-20T18:31:18.459Z,81731561754
81735482155,2025-06-19T15:40:44.299Z,2025-07-20T18:31:16.204Z,False,2025-06-19T15:40:44.299Z,2025-07-20T18:31:16.204Z,81735482155
81735494512,2025-06-19T15:43:35.205Z,2025-07-20T18:31:17.885Z,False,2025-06-19T15:43:35.205Z,2025-07-20T18:31:17.885Z,81735494512
81735812453,2025-06-19T16:00:46.495Z,2025-07-20T18:31:19.560Z,False,2025-06-19T16:00:46.495Z,2025-07-20T18:31:19.560Z,81735812453
82227818859,2025-06-27T17:52:55.801Z,2025-07-02T12:00:32.520Z,False,2025-06-27T17:52:55.801Z,2025-07-02T12:00:32.520Z,82227818859
82368493067,2025-06-30T16:16:34.718Z,2025-07-20T18:30:58.995Z,False,2025-06-30T16:16:34.718Z,2025-07-20T18:30:58.995Z,82368493067
82368807823,2025-06-30T16:19:42.902Z,2025-07-20T18:30:56.872Z,False,2025-06-30T16:19:42.902Z,2025-07-20T18:30:56.872Z,82368807823
82368831745,2025-06-30T16:24:52.057Z,2025-07-20T18:30:54.969Z,False,2025-06-30T16:24:52.057Z,2025-07-20T18:30:54.969Z,82368831745
82368856476,2025-06-30T16:30:00.341Z,2025-08-08T14:23:58.014Z,False,2025-06-30T16:30:00.341Z,2025-08-08T14:23:58.014Z,82368856476
82369460912,2025-06-30T16:27:09.302Z,2025-07-20T18:30:54.230Z,False,2025-06-30T16:27:09.302Z,2025-07-20T18:30:54.230Z,82369460912
82369526684,2025-06-30T16:40:53.732Z,2025-08-03T13:55:31.973Z,False,2025-06-30T16:40:53.732Z,2025-08-03T13:55:31.973Z,82369526684
82413971865,2025-07-01T13:28:18.996Z,2025-07-04T20:18:10.374Z,False,2025-07-01T13:28:18.996Z,2025-07-04T20:18:10.374Z,82413971865
82414051761,2025-07-01T13:25:36.015Z,2025-07-04T12:00:23.732Z,False,2025-07-01T13:25:36.015Z,2025-07-04T12:00:23.732Z,82414051761
82415132239,2025-07-01T13:33:46.919Z,2025-07-04T12:00:10.226Z,False,2025-07-01T13:33:46.919Z,2025-07-04T12:00:10.226Z,82415132239
82415143082,2025-07-01T13:36:26.403Z,2025-07-04T12:00:11.726Z,False,2025-07-01T13:36:26.403Z,2025-07-04T12:00:11.726Z,82415143082
82524269409,2025-07-02T22:23:34.716Z,2025-07-06T13:18:20.458Z,False,2025-07-02T22:23:34.716Z,2025-07-06T13:18:20.458Z,82524269409
82524585489,2025-07-02T22:37:53.788Z,2025-07-07T12:00:17.313Z,False,2025-07-02T22:37:53.788Z,2025-07-07T12:00:17.313Z,82524585489
82582653978,2025-07-03T16:04:01.668Z,2025-08-08T19:59:31.145Z,False,2025-07-03T16:04:01.668Z,2025-08-08T19:59:31.145Z,82582653978
82630838171,2025-07-04T16:07:41.826Z,2025-07-09T12:00:41.502Z,False,2025-07-04T16:07:41.826Z,2025-07-09T12:00:41.502Z,82630838171
82630990693,2025-07-04T16:04:14.411Z,2025-07-09T12:00:21.375Z,False,2025-07-04T16:04:14.411Z,2025-07-09T12:00:21.375Z,82630990693
82631010131,2025-07-04T16:15:23.661Z,2025-07-05T12:00:03.707Z,False,2025-07-04T16:15:23.661Z,2025-07-05T12:00:03.707Z,82631010131
82640571965,2025-07-04T17:05:42.652Z,2025-07-05T12:00:02.454Z,False,2025-07-04T17:05:42.652Z,2025-07-05T12:00:02.454Z,82640571965
82640773200,2025-07-04T17:20:19.172Z,2025-07-09T12:00:01.110Z,False,2025-07-04T17:20:19.172Z,2025-07-09T12:00:01.110Z,82640773200
82640989273,2025-07-04T18:44:19.585Z,2025-07-09T12:00:03.343Z,False,2025-07-04T18:44:19.585Z,2025-07-09T12:00:03.343Z,82640989273
82641003645,2025-07-04T18:53:37.608Z,2025-08-08T14:23:57.593Z,False,2025-07-04T18:53:37.608Z,2025-08-08T14:23:57.593Z,82641003645
82641158168,2025-07-04T18:32:37.162Z,2025-07-09T12:00:29.708Z,False,2025-07-04T18:32:37.162Z,2025-07-09T12:00:29.708Z,82641158168
82861346216,2025-07-08T19:41:47.361Z,2025-07-11T12:00:50.934Z,False,2025-07-08T19:41:47.361Z,2025-07-11T12:00:50.934Z,82861346216
82871370273,2025-07-09T01:58:18.903Z,2025-07-11T12:00:09.135Z,False,2025-07-09T01:58:18.903Z,2025-07-11T12:00:09.135Z,82871370273
82876340010,2025-07-09T02:04:49.344Z,2025-07-11T12:00:18.217Z,False,2025-07-09T02:04:49.344Z,2025-07-11T12:00:18.217Z,82876340010
82927330358,2025-07-09T19:04:55.915Z,2025-07-14T16:30:05.853Z,False,2025-07-09T19:04:55.915Z,2025-07-14T16:30:05.853Z,82927330358
82928320554,2025-07-09T19:47:12.435Z,2025-07-18T13:15:34.054Z,False,2025-07-09T19:47:12.435Z,2025-07-18T13:15:34.054Z,82928320554
82938108807,2025-07-09T19:33:54.100Z,2025-07-16T12:00:34.200Z,False,2025-07-09T19:33:54.100Z,2025-07-16T12:00:34.200Z,82938108807
83018332235,2025-07-10T17:19:08.104Z,2025-08-08T19:59:30.868Z,False,2025-07-10T17:19:08.104Z,2025-08-08T19:59:30.868Z,83018332235
83135456259,2025-07-11T23:01:22.507Z,2025-07-25T13:52:50.183Z,False,2025-07-11T23:01:22.507Z,2025-07-25T13:52:50.183Z,83135456259
83191053186,2025-07-12T16:53:00.189Z,2025-07-16T12:00:43.701Z,False,2025-07-12T16:53:00.189Z,2025-07-16T12:00:43.701Z,83191053186
83389939726,2025-07-15T15:07:14.994Z,2025-08-04T05:52:48.334Z,False,2025-07-15T15:07:14.994Z,2025-08-04T05:52:48.334Z,83389939726
83417043227,2025-07-16T00:57:50.548Z,2025-07-17T12:00:20.196Z,False,2025-07-16T00:57:50.548Z,2025-07-17T12:00:20.196Z,83417043227
83622682210,2025-07-17T19:44:24.201Z,2025-07-25T16:00:02.821Z,False,2025-07-17T19:44:24.201Z,2025-07-25T16:00:02.821Z,83622682210
83724892304,2025-07-18T18:09:33.659Z,2025-07-23T14:00:16.501Z,False,2025-07-18T18:09:33.659Z,2025-07-23T14:00:16.501Z,83724892304
83832087808,2025-07-20T17:00:08.321Z,2025-08-03T13:56:08.791Z,False,2025-07-20T17:00:08.321Z,2025-08-03T13:56:08.791Z,83832087808
83832088940,2025-07-20T17:04:03.777Z,2025-07-23T12:00:35.861Z,False,2025-07-20T17:04:03.777Z,2025-07-23T12:00:35.861Z,83832088940
83832147820,2025-07-20T17:18:52.814Z,2025-07-23T12:00:25.635Z,False,2025-07-20T17:18:52.814Z,2025-07-23T12:00:25.635Z,83832147820
83883520679,2025-07-21T15:24:59.090Z,2025-07-24T12:00:03.740Z,False,2025-07-21T15:24:59.090Z,2025-07-24T12:00:03.740Z,83883520679
83906911524,2025-07-21T17:17:14.617Z,2025-07-24T12:00:00.554Z,False,2025-07-21T17:17:14.617Z,2025-07-24T12:00:00.554Z,83906911524
83908763201,2025-07-21T18:57:02.043Z,2025-07-24T12:00:18.934Z,False,2025-07-21T18:57:02.043Z,2025-07-24T12:00:18.934Z,83908763201
83910331484,2025-07-21T20:32:09.750Z,2025-07-24T14:00:04.381Z,False,2025-07-21T20:32:09.750Z,2025-07-24T14:00:04.381Z,83910331484
84020041249,2025-07-22T23:33:34.965Z,2025-07-25T12:00:01.061Z,False,2025-07-22T23:33:34.965Z,2025-07-25T12:00:01.061Z,84020041249
84020266920,2025-07-22T23:39:01.367Z,2025-07-25T12:00:14.579Z,False,2025-07-22T23:39:01.367Z,2025-07-25T12:00:14.579Z,84020266920
84027453101,2025-07-22T22:31:53.932Z,2025-07-28T09:44:56.769Z,False,2025-07-22T22:31:53.932Z,2025-07-28T09:44:56.769Z,84027453101
84062998632,2025-07-23T11:18:00.149Z,2025-07-28T12:00:01.602Z,False,2025-07-23T11:18:00.149Z,2025-07-28T12:00:01.602Z,84062998632
84063531662,2025-07-23T11:40:10.208Z,2025-07-28T12:00:07.158Z,False,2025-07-23T11:40:10.208Z,2025-07-28T12:00:07.158Z,84063531662
84063714123,2025-07-23T12:08:38.355Z,2025-07-28T12:00:33.980Z,False,2025-07-23T12:08:38.355Z,2025-07-28T12:00:33.980Z,84063714123
84063727902,2025-07-23T12:14:43.860Z,2025-07-28T12:00:17.336Z,False,2025-07-23T12:14:43.860Z,2025-07-28T12:00:17.336Z,84063727902
84063769916,2025-07-23T12:00:44.174Z,2025-07-28T12:00:19.735Z,False,2025-07-23T12:00:44.174Z,2025-07-28T12:00:19.735Z,84063769916
84064049941,2025-07-23T12:20:24.380Z,2025-07-28T12:00:32.960Z,False,2025-07-23T12:20:24.380Z,2025-07-28T12:00:32.960Z,84064049941
84072425650,2025-07-23T11:27:52.234Z,2025-07-28T12:00:34.519Z,False,2025-07-23T11:27:52.234Z,2025-07-28T12:00:34.519Z,84072425650
84072438101,2025-07-23T11:35:29.204Z,2025-07-28T12:00:00.939Z,False,2025-07-23T11:35:29.204Z,2025-07-28T12:00:00.939Z,84072438101
84072946854,2025-07-23T12:35:32.557Z,2025-07-28T12:00:24.525Z,False,2025-07-23T12:35:32.557Z,2025-07-28T12:00:24.525Z,84072946854
84092569757,2025-07-23T18:13:33.173Z,2025-07-28T12:00:33.362Z,False,2025-07-23T18:13:33.173Z,2025-07-28T12:00:33.362Z,84092569757
84299864130,2025-07-25T21:19:19.899Z,2025-07-30T12:00:32.518Z,False,2025-07-25T21:19:19.899Z,2025-07-30T12:00:32.518Z,84299864130
84340607380,2025-07-26T18:38:18.719Z,2025-08-05T13:25:43.594Z,False,2025-07-26T18:38:18.719Z,2025-08-05T13:25:43.594Z,84340607380
84340609953,2025-07-26T18:43:23.591Z,2025-07-30T12:00:11.874Z,False,2025-07-26T18:43:23.591Z,2025-07-30T12:00:11.874Z,84340609953
84340612218,2025-07-26T18:47:51.399Z,2025-07-30T12:00:22.322Z,False,2025-07-26T18:47:51.399Z,2025-07-30T12:00:22.322Z,84340612218
84340613273,2025-07-26T18:50:07.297Z,2025-07-30T12:00:32.440Z,False,2025-07-26T18:50:07.297Z,2025-07-30T12:00:32.440Z,84340613273
84340616352,2025-07-26T18:56:16.320Z,2025-07-30T12:00:21.506Z,False,2025-07-26T18:56:16.320Z,2025-07-30T12:00:21.506Z,84340616352
84341708820,2025-07-26T17:46:30.581Z,2025-07-30T14:00:09.183Z,False,2025-07-26T17:46:30.581Z,2025-07-30T14:00:09.183Z,84341708820
84341800306,2025-07-26T18:13:41.345Z,2025-07-30T12:00:34.178Z,False,2025-07-26T18:13:41.345Z,2025-07-30T12:00:34.178Z,84341800306
84341809819,2025-07-26T18:33:14.794Z,2025-07-30T12:00:20.925Z,False,2025-07-26T18:33:14.794Z,2025-07-30T12:00:20.925Z,84341809819
84371316366,2025-07-27T15:43:23.949Z,2025-07-30T12:00:02.534Z,False,2025-07-27T15:43:23.949Z,2025-07-30T12:00:02.534Z,84371316366
84372438333,2025-07-27T16:41:47.735Z,2025-07-30T12:00:34.422Z,False,2025-07-27T16:41:47.735Z,2025-07-30T12:00:34.422Z,84372438333
84377459053,2025-07-27T18:58:40.750Z,2025-08-03T14:00:06.890Z,False,2025-07-27T18:58:40.750Z,2025-08-03T14:00:06.890Z,84377459053
84472888947,2025-07-28T20:47:09.054Z,2025-07-31T12:00:02.987Z,False,2025-07-28T20:47:09.054Z,2025-07-31T12:00:02.987Z,84472888947
84472904771,2025-07-28T20:50:51.049Z,2025-07-31T12:00:19.980Z,False,2025-07-28T20:50:51.049Z,2025-07-31T12:00:19.980Z,84472904771
84472927906,2025-07-28T20:56:35.782Z,2025-07-31T12:00:36.368Z,False,2025-07-28T20:56:35.782Z,2025-07-31T12:00:36.368Z,84472927906
84527182469,2025-07-29T14:23:24.696Z,2025-08-01T12:00:06.083Z,False,2025-07-29T14:23:24.696Z,2025-08-01T12:00:06.083Z,84527182469
84527195665,2025-07-29T14:25:43.197Z,2025-08-01T12:00:09.014Z,False,2025-07-29T14:25:43.197Z,2025-08-01T12:00:09.014Z,84527195665
84527208842,2025-07-29T14:28:06.262Z,2025-08-09T20:42:58.162Z,False,2025-07-29T14:28:06.262Z,2025-08-09T20:42:58.162Z,84527208842
84551363680,2025-07-29T21:09:00.535Z,2025-08-01T12:00:12.852Z,False,2025-07-29T21:09:00.535Z,2025-08-01T12:00:12.852Z,84551363680
84613712211,2025-07-30T14:03:27.368Z,2025-08-04T12:00:33.780Z,False,2025-07-30T14:03:27.368Z,2025-08-04T12:00:33.780Z,84613712211
84631210058,2025-07-30T17:26:36.644Z,2025-08-04T12:00:46.184Z,False,2025-07-30T17:26:36.644Z,2025-08-04T12:00:46.184Z,84631210058
84718197305,2025-07-31T15:03:20.845Z,2025-08-05T12:00:07.278Z,False,2025-07-31T15:03:20.845Z,2025-08-05T12:00:07.278Z,84718197305
84837530723,2025-08-01T20:26:08.261Z,2025-08-06T12:00:12.403Z,False,2025-08-01T20:26:08.261Z,2025-08-06T12:00:12.403Z,84837530723
84837548152,2025-08-01T20:31:37.238Z,2025-08-06T12:00:34.952Z,False,2025-08-01T20:31:37.238Z,2025-08-06T12:00:34.952Z,84837548152
84838284082,2025-08-01T20:48:59.585Z,2025-08-06T15:09:22.594Z,False,2025-08-01T20:48:59.585Z,2025-08-06T15:09:22.594Z,84838284082
84838291980,2025-08-01T20:51:42.750Z,2025-08-06T15:45:03.649Z,False,2025-08-01T20:51:42.750Z,2025-08-06T15:45:03.649Z,84838291980
84838663521,2025-08-01T20:34:06.989Z,2025-08-06T12:00:31.236Z,False,2025-08-01T20:34:06.989Z,2025-08-06T12:00:31.236Z,84838663521
84838670657,2025-08-01T20:36:19.523Z,2025-08-06T15:13:26.933Z,False,2025-08-01T20:36:19.523Z,2025-08-06T15:13:26.933Z,84838670657
84838686638,2025-08-01T20:41:27.760Z,2025-08-06T12:00:34.102Z,False,2025-08-01T20:41:27.760Z,2025-08-06T12:00:34.102Z,84838686638
84838692771,2025-08-01T20:43:37.111Z,2025-08-06T12:00:37.661Z,False,2025-08-01T20:43:37.111Z,2025-08-06T12:00:37.661Z,84838692771
84838700108,2025-08-01T20:46:12.299Z,2025-08-06T12:00:07.047Z,False,2025-08-01T20:46:12.299Z,2025-08-06T12:00:07.047Z,84838700108
84838724202,2025-08-01T20:54:09.643Z,2025-08-06T12:00:08.548Z,False,2025-08-01T20:54:09.643Z,2025-08-06T12:00:08.548Z,84838724202
84897416341,2025-08-02T19:02:36.623Z,2025-08-06T12:00:03.740Z,False,2025-08-02T19:02:36.623Z,2025-08-06T12:00:03.740Z,84897416341
84943638272,2025-08-03T14:58:17.792Z,2025-08-06T12:00:09.372Z,False,2025-08-03T14:58:17.792Z,2025-08-06T12:00:09.372Z,84943638272
84946169782,2025-08-03T17:13:56.570Z,2025-08-06T12:00:11.288Z,False,2025-08-03T17:13:56.570Z,2025-08-06T12:00:11.288Z,84946169782
84970888552,2025-08-04T00:13:32.022Z,2025-08-06T12:00:52.056Z,False,2025-08-04T00:13:32.022Z,2025-08-06T12:00:52.056Z,84970888552
85014405773,2025-08-04T17:28:20.762Z,2025-08-07T14:00:13.701Z,False,2025-08-04T17:28:20.762Z,2025-08-07T14:00:13.701Z,85014405773
85087398162,2025-08-04T23:50:22.747Z,2025-08-07T14:00:05.626Z,False,2025-08-04T23:50:22.747Z,2025-08-07T14:00:05.626Z,85087398162
85087400705,2025-08-04T23:52:16.896Z,2025-08-09T13:10:40.336Z,False,2025-08-04T23:52:16.896Z,2025-08-09T13:10:40.336Z,85087400705
85110289162,2025-08-05T12:54:37.579Z,2025-08-08T12:00:23.968Z,False,2025-08-05T12:54:37.579Z,2025-08-08T12:00:23.968Z,85110289162
85117045621,2025-08-05T14:51:01.698Z,2025-08-08T12:00:24.481Z,False,2025-08-05T14:51:01.698Z,2025-08-08T12:00:24.481Z,85117045621
85243927575,2025-08-06T20:19:58.781Z,2025-08-11T12:00:37.337Z,False,2025-08-06T20:19:58.781Z,2025-08-11T12:00:37.337Z,85243927575
85288887353,2025-08-06T22:35:52.210Z,2025-08-11T12:00:51.772Z,False,2025-08-06T22:35:52.210Z,2025-08-11T12:00:51.772Z,85288887353
85393924702,2025-08-08T14:10:30.899Z,2025-08-08T14:10:33.413Z,False,2025-08-08T14:10:30.899Z,2025-08-08T14:10:33.413Z,85393924702
85399279005,2025-08-08T14:24:59.428Z,2025-08-08T14:25:01.597Z,False,2025-08-08T14:24:59.428Z,2025-08-08T14:25:01.597Z,85399279005
85406935197,2025-08-08T16:57:35.227Z,2025-08-08T16:57:37.475Z,False,2025-08-08T16:57:35.227Z,2025-08-08T16:57:37.475Z,85406935197
85410458951,2025-08-08T16:44:38.558Z,2025-08-08T16:44:40.551Z,False,2025-08-08T16:44:38.558Z,2025-08-08T16:44:40.551Z,85410458951
85410722610,2025-08-08T16:54:19.017Z,2025-08-08T16:54:20.530Z,False,2025-08-08T16:54:19.017Z,2025-08-08T16:54:20.530Z,85410722610
85412898314,2025-08-08T18:39:07.228Z,2025-08-08T18:39:09.040Z,False,2025-08-08T18:39:07.228Z,2025-08-08T18:39:09.040Z,85412898314
85413381809,2025-08-08T18:56:47.736Z,2025-08-08T18:56:49.021Z,False,2025-08-08T18:56:47.736Z,2025-08-08T18:56:49.021Z,85413381809
85413980996,2025-08-08T19:32:02.006Z,2025-08-08T19:32:03.246Z,False,2025-08-08T19:32:02.006Z,2025-08-08T19:32:03.246Z,85413980996
85414120068,2025-08-08T19:24:06.892Z,2025-08-09T16:30:09.051Z,False,2025-08-08T19:24:06.892Z,2025-08-09T16:30:09.051Z,85414120068
85415180621,2025-08-08T20:09:38.347Z,2025-08-08T20:09:40.416Z,False,2025-08-08T20:09:38.347Z,2025-08-08T20:09:40.416Z,85415180621
85417583892,2025-08-08T19:50:26.846Z,2025-08-08T19:50:27.980Z,False,2025-08-08T19:50:26.846Z,2025-08-08T19:50:27.980Z,85417583892
85456691713,2025-08-09T16:31:50.921Z,2025-08-09T18:03:53.980Z,False,2025-08-09T16:31:50.921Z,2025-08-09T18:03:53.980Z,85456691713
85457450376,2025-08-09T19:40:04.300Z,2025-08-11T14:20:49.990Z,False,2025-08-09T19:40:04.300Z,2025-08-11T14:20:49.990Z,85457450376
85457451168,2025-08-09T19:41:48.855Z,2025-08-09T19:41:49.935Z,False,2025-08-09T19:41:48.855Z,2025-08-09T19:41:49.935Z,85457451168
85460936049,2025-08-09T16:30:44.458Z,2025-08-09T16:30:46.022Z,False,2025-08-09T16:30:44.458Z,2025-08-09T16:30:46.022Z,85460936049
85478838599,2025-08-10T16:54:39.133Z,2025-08-11T15:12:07.486Z,False,2025-08-10T16:54:39.133Z,2025-08-11T15:12:07.486Z,85478838599
85478844309,2025-08-10T17:14:09.540Z,2025-08-10T17:14:10.676Z,False,2025-08-10T17:14:09.540Z,2025-08-10T17:14:10.676Z,85478844309
85543179641,2025-08-11T15:03:34.044Z,2025-08-11T15:07:33.075Z,False,2025-08-11T15:03:34.044Z,2025-08-11T15:07:33.075Z,85543179641
